name,lat,lon,population
New York,40.6943,-73.9249,18908608
Los Angeles,34.1141,-118.4068,11922389
Chicago,41.8375,-87.6866,8497759
Miami,25.784,-80.2101,6080145
Houston,29.786,-95.3885,5970127
Dallas,32.7935,-96.7667,5830932
Philadelphia,40.0077,-75.1339,5683533
Atlanta,33.7628,-84.422,5180179
Washington,38.9047,-77.0163,5116378
Boston,42.3188,-71.0852,4328315
Phoenix,33.5722,-112.0892,4064275
Detroit,42.3834,-83.1024,3725908
Seattle,47.6211,-122.3244,3561397
San Francisco,37.7558,-122.4449,3364979
San Diego,32.8313,-117.1222,3046560
Minneapolis,44.9635,-93.2678,2892569
Tampa,27.9945,-82.4447,2861173
Brooklyn,40.6501,-73.9496,2736074
Denver,39.762,-104.8758,2687458
Queens,40.7498,-73.7976,2405464
Riverside,33.9381,-117.3949,2332836
Las Vegas,36.2333,-115.2654,2248047
Baltimore,39.3051,-76.6144,2196524
St. Louis,38.6359,-90.2451,2130881
Portland,45.5371,-122.65,2095808
San Antonio,29.4632,-98.5238,2058444
Sacramento,38.5677,-121.4685,1957738
Austin,30.3005,-97.7522,1905945
Orlando,28.4773,-81.337,1882705
San Juan,18.3985,-66.061,1814587
San Jose,37.3012,-121.848,1771413
Pittsburgh,40.4397,-79.9763,1749091
Indianapolis,39.7771,-86.1458,1729849
Manhattan,40.7834,-73.9662,1694263
Cincinnati,39.1413,-84.506,1692702
Kansas City,39.1238,-94.5541,1689556
Cleveland,41.4764,-81.6805,1680247
Columbus,39.9862,-82.9855,1572546
Bronx,40.8501,-73.8662,1472654
Virginia Beach,36.7335,-76.0435,1443020
Charlotte,35.2083,-80.8303,1427444
Milwaukee,43.0642,-87.9675,1290940
Providence,41.823,-71.4187,1290271
Jacksonville,30.3322,-81.6749,1288298
Nashville,36.1715,-86.7842,1177657
Salt Lake City,40.7776,-111.9311,1173879
Raleigh,35.8324,-78.6429,1163152
Richmond,37.5295,-77.4756,1073223
Memphis,35.1087,-89.9663,1037998
Oklahoma City,35.4676,-97.5136,998806
Hartford,41.7661,-72.6834,974684
Louisville,38.1663,-85.6485,963812
Buffalo,42.9018,-78.8487,944589
New Orleans,30.0687,-89.9288,932759
Fort Worth,32.7817,-97.3474,908469
Bridgeport,41.1918,-73.1954,908251
Tucson,32.1541,-110.8787,878320
El Paso,31.8476,-106.43,865270
Omaha,41.2627,-96.0529,821345
McAllen,26.2252,-98.2467,797341
Birmingham,33.5279,-86.7971,782111
Albuquerque,35.1054,-106.6465,769986
Tulsa,36.1283,-95.9042,731743
Fresno,36.783,-119.7939,725276
Charleston,32.8168,-79.9687,706884
Rochester,43.168,-77.6162,699921
Dayton,39.7805,-84.2003,668825
Cape Coral,26.6443,-81.9957,654405
Mission Viejo,33.6096,-117.6551,642211
Colorado Springs,38.8674,-104.7605,638194
Baton Rouge,30.442,-91.1311,635671
Allentown,40.5961,-75.4756,627863
Ogden,41.2279,-111.9682,622918
Provo,40.2457,-111.6457,619218
Knoxville,35.9692,-83.9496,615829
Grand Rapids,42.9619,-85.6562,609023
Columbia,34.0378,-80.9036,604065
Albany,42.6664,-73.7987,590694
Bakersfield,35.3529,-119.0359,571992
New Haven,41.3113,-72.9246,565572
Des Moines,41.5725,-93.6105,548926
Akron,41.0798,-81.5219,541945
Palm Bay,27.9631,-80.6593,534348
Concord,37.9722,-122.0016,531175
Wichita,37.6895,-97.3443,509003
Harrisburg,40.2752,-76.8843,498329
Mesa,33.4015,-111.7178,497752
Staten Island,40.5834,-74.1496,495747
Toledo,41.6638,-83.5827,493302
Worcester,42.2705,-71.8079,486486
Long Beach,33.7977,-118.167,466565
Port St. Lucie,27.2796,-80.3884,462047
Little Rock,34.7256,-92.3577,459409
Reno,39.5497,-119.8483,457702
Spokane,47.6671,-117.433,456219
Madison,43.0822,-89.393,451652
Boise,43.6005,-116.2308,449776
Bonita Springs,26.3558,-81.7859,449527
Denton,33.2175,-97.1418,438492
Springfield,42.1155,-72.5395,437752
Oakland,37.7904,-122.2166,437548
Augusta,33.3645,-82.0708,437257
Kissimmee,28.3041,-81.4169,431618
Winston-Salem,36.1029,-80.261,427706
Stockton,37.9765,-121.3109,413637
Syracuse,43.0407,-76.1437,410732
Chattanooga,35.066,-85.2481,406849
Lancaster,40.042,-76.3012,402476
Greenville,34.8354,-82.3646,401443
Durham,35.9792,-78.9022,399616
Pensacola,30.4413,-87.1911,398813
Fayetteville,36.0714,-94.1661,394650
Arlington,32.6998,-97.125,392304
Aurora,39.7083,-104.7237,383496
Oxnard,34.1964,-119.1815,369962
Indio,33.7346,-116.2346,369654
Scranton,41.4044,-75.6649,366334
Victorville,34.5277,-117.3536,364015
Trenton,40.2237,-74.7641,362179
Modesto,37.6375,-121.0028,354183
Honolulu,21.3294,-157.846,351554
Huntsville,34.6981,-86.6412,349482
Anaheim,33.839,-117.8574,348204
Greensboro,36.0956,-79.8271,347130
Corpus Christi,27.7254,-97.3767,337230
Fort Wayne,41.0888,-85.1436,337163
Fort Collins,40.5477,-105.0656,335398
Jackson,32.3157,-90.2125,335171
Myrtle Beach,33.7094,-78.8844,332181
Fayetteville,35.085,-78.9772,328804
Antioch,37.9787,-121.796,327216
Lansing,42.7142,-84.5601,322561
Lexington,38.0423,-84.4587,321354
Mobile,30.6782,-88.1162,320855
Youngstown,41.0993,-80.6463,319065
Savannah,32.0286,-81.1821,316050
Poughkeepsie,41.695,-73.9211,314159
Santa Ana,33.7367,-117.8819,313818
Henderson,36.0133,-115.0381,311250
St. Paul,44.9478,-93.1039,309751
Ann Arbor,42.2759,-83.731,308983
Newark,40.7245,-74.1725,306247
Irvine,33.6772,-117.7738,297868
Santa Rosa,38.4458,-122.7067,296180
Canton,40.8078,-81.3676,294047
Asheville,35.5707,-82.5537,294013
Flint,43.0236,-83.6921,293893
Winter Haven,28.0118,-81.7014,293093
Anchorage,61.1508,-149.1091,292545
Lincoln,40.8099,-96.6784,290508
Concord,35.3933,-80.6369,288783
Jersey City,40.7184,-74.0686,287146
Springfield,37.1943,-93.2916,286280
Shreveport,32.4653,-93.7955,283536
Plano,33.0502,-96.7486,282181
Davenport,41.5565,-90.6053,281333
Lubbock,33.5657,-101.8879,280890
Lakeland,28.0557,-81.9545,280346
South Bend,41.6767,-86.2696,278061
Chula Vista,32.6281,-117.0144,274818
Rockford,42.2596,-89.064,273237
Reading,40.34,-75.9267,272712
Chandler,33.2825,-111.8514,272439
Eugene,44.0564,-123.1174,270990
Wilmington,34.2099,-77.8866,268625
Santa Clarita,34.4175,-118.4964,268273
Salem,44.9233,-123.0244,266420
Killeen,31.0753,-97.7297,265921
Round Lake Beach,42.3791,-88.0811,264451
Columbus,32.51,-84.8771,264282
Gilbert,33.31,-111.7463,262249
Kennewick,46.1978,-119.1732,259995
North Las Vegas,36.2883,-115.0888,259638
Tallahassee,30.4551,-84.2527,258696
St. Petersburg,27.7931,-82.6652,258245
Laredo,27.5625,-99.4874,254697
Irving,32.8583,-96.9702,254184
Peoria,40.752,-89.6154,253467
Montgomery,32.3482,-86.2668,251158
York,39.9651,-76.7315,247176
Chesapeake,36.6778,-76.3023,247172
Glendale,33.5791,-112.2311,245685
Nashua,42.7491,-71.491,245209
Garland,32.91,-96.6304,245075
Scottsdale,33.6872,-111.8651,238685
Norfolk,36.8945,-76.259,238556
Lafayette,30.2082,-92.0325,237565
Arlington,38.8786,-77.1011,235764
Appleton,44.278,-88.3892,233947
Fremont,37.5265,-121.9843,231502
Aguadilla,18.4382,-67.1537,228854
Rock Hill,34.9415,-81.0241,228811
Fargo,46.8651,-96.8292,228364
Gulfport,30.4274,-89.0704,228022
Bremerton,47.5436,-122.7121,226805
Green Bay,44.5148,-87.9895,225633
Hialeah,25.8696,-80.3045,224362
Deltona,28.905,-81.2137,221137
Gainesville,29.6804,-82.3459,220929
San Bernardino,34.1416,-117.2943,220821
Enterprise,36.0091,-115.2278,219566
Roanoke,37.2785,-79.9581,218533
Spring Valley,36.0952,-115.2636,217441
Tacoma,47.2431,-122.4531,217332
Brownsville,25.9975,-97.458,215269
College Station,30.5852,-96.2959,213177
Olympia,47.0417,-122.8959,210877
Clarksville,36.5692,-87.3413,210551
Yonkers,40.9466,-73.8673,209730
Thousand Oaks,34.1914,-118.8756,209570
Portland,43.6773,-70.2715,209491
Moreno Valley,33.9244,-117.2045,208371
Fontana,34.0968,-117.4599,208087
Hickory,35.741,-81.3223,206008
Amarillo,35.1984,-101.8316,205903
Sioux Falls,43.5396,-96.7311,204484
Evansville,37.9881,-87.5341,203661
Huntington,38.4109,-82.4345,202754
Waterbury,41.5582,-73.0361,202422
Lorain,41.4409,-82.184,201808
Kalamazoo,42.2749,-85.5882,200838
Galveston,29.2484,-94.8913,200451
Spartanburg,34.9442,-81.9251,200000
Santa Barbara,34.4285,-119.7202,199023
Huntington Beach,33.696,-118.0018,198735
Glendale,34.1819,-118.2468,196512
Sunrise Manor,36.1783,-115.0487,196411
Grand Prairie,32.6871,-97.0208,195992
Waco,31.5599,-97.1882,195709
Hagerstown,39.6401,-77.7217,195261
Overland Park,38.887,-94.687,195249
Nampa,43.5844,-116.5638,193935
Frisco,33.156,-96.8216,193140
Cedar Rapids,41.9662,-91.6783,191104
Paradise,36.0872,-115.1355,189852
McKinney,33.2016,-96.667,189394
Vancouver,45.6366,-122.5967,188331
Peoria,33.7843,-112.2989,187733
Ocala,29.178,-82.1511,186840
Erie,42.1167,-80.0733,185556
Newport News,37.1051,-76.5185,185069
Frederick,39.4337,-77.4141,184991
Murfreesboro,35.849,-86.4121,184763
Aurora,41.7638,-88.2902,183447
Fort Lauderdale,26.1412,-80.1464,182247
Danbury,41.4015,-73.4709,180143
Tempe,33.3881,-111.9319,178862
Spring Hill,28.4798,-82.53,178833
Gastonia,35.2494,-81.1854,178220
Salinas,36.6883,-121.6317,177410
Fredericksburg,38.2992,-77.4872,176791
Gainesville,34.2902,-83.8294,175569
Elk Grove,38.4161,-121.3842,175510
Ontario,34.0393,-117.6064,175223
Oceanside,33.2247,-117.3083,174461
Rancho Cucamonga,34.1247,-117.5667,173946
Garden Grove,33.7787,-117.9601,172708
Lancaster,34.6935,-118.1753,171820
Cary,35.7819,-78.8195,171603
Hemet,33.7341,-116.9969,170621
Pembroke Pines,26.0128,-80.3382,170346
Bayamón,18.3794,-66.1635,170028
Panama City,30.1995,-85.6003,169810
Vallejo,38.1125,-122.2342,169541
Manchester,42.9848,-71.4447,169097
Medford,42.3372,-122.854,168959
Mauldin,34.7821,-82.3032,168313
Palmdale,34.5944,-118.1057,167987
Santa Cruz,36.9789,-122.0346,167835
Norwich,41.5495,-72.0882,166885
Muskegon,43.2281,-86.2562,166847
Leesburg,28.7672,-81.8962,166200
High Point,35.991,-79.9937,164836
Tuscaloosa,33.2348,-87.5268,164414
Visalia,36.3276,-119.3269,163681
Marysville,48.0809,-122.1561,162664
Hayward,37.6328,-122.0766,162254
Merced,37.3057,-120.4779,160638
Lafayette,40.3991,-86.8593,160543
Springfield,39.7709,-89.654,159671
Alexandria,38.8185,-77.0861,158185
Paterson,40.9147,-74.1624,157927
Corona,33.8616,-117.5649,157844
Macon,32.8065,-83.6974,156711
Binghamton,42.1014,-75.9093,156375
Kansas City,39.1235,-94.7443,155745
Lakewood,39.6977,-105.1172,155608
Sunnyvale,37.3836,-122.0255,155550
Odessa,31.8801,-102.3448,155039
New Bedford,41.6697,-70.9428,153701
Hollywood,26.0293,-80.1679,152597
South Lyon,42.4614,-83.6526,152132
Pasadena,29.6575,-95.1498,151964
Pomona,34.0585,-117.7626,151592
Escondido,33.1348,-117.0723,151443
Lake Charles,30.201,-93.2111,151109
Joliet,41.5188,-88.1499,150323
Champaign,40.1142,-88.2737,150179
Mesquite,32.7602,-96.5865,149848
Fairfield,38.2583,-122.0335,149635
Elkhart,41.6916,-85.9627,149423
Bellevue,47.5951,-122.1535,149365
Naperville,41.748,-88.1659,149013
St. George,37.0758,-113.5752,148895
Topeka,39.0346,-95.6955,148185
Burlington,36.076,-79.4685,147415
Torrance,33.8346,-118.3416,147156
Warner Robins,32.5961,-83.6527,146790
Roseville,38.7703,-121.3196,145687
Santa Maria,34.9333,-120.4431,143647
Athens,33.9508,-83.3689,143173
Houma,29.58,-90.7059,143160
Fullerton,33.8841,-117.9279,142964
Columbia,38.9472,-92.3268,142637
Surprise,33.6815,-112.4515,141875
Greeley,40.4152,-104.7706,140984
Beaumont,30.0849,-94.1451,140930
Las Cruces,32.3265,-106.7893,140915
Metairie,29.9977,-90.178,140590
Thornton,39.9197,-104.9438,140538
Olathe,38.8833,-94.82,140339
Midland,32.0243,-102.1147,140171
Carolina,18.4054,-65.9792,139735
West Valley City,40.6886,-112.0123,139361
Orange,33.8038,-117.8218,139195
Warren,42.4934,-83.027,138996
Pasadena,34.1597,-118.139,138771
Grand Junction,39.0877,-108.5673,138416
Tyler,32.3184,-95.3062,138024
Hampton,37.0551,-76.363,136748
Bloomington,40.4757,-88.9703,136524
Elizabeth,40.6658,-74.1913,135772
Yuma,32.5995,-114.5491,135389
Kent,47.3887,-122.2128,134890
Stamford,41.1039,-73.5585,134820
Coeur d'Alene,47.704,-116.7936,134503
Miramar,25.9773,-80.3351,134306
Sterling Heights,42.5809,-83.0305,134062
Coral Springs,26.2702,-80.2591,133693
Yuba City,39.1357,-121.6383,133106
Yakima,46.5923,-120.5496,132354
Racine,42.7274,-87.8135,132006
Johnson City,36.3406,-82.3806,131718
Billings,45.7891,-108.5526,131519
Carrollton,32.989,-96.8999,131388
Iowa City,41.6559,-91.5303,130736
Dover,39.161,-75.5202,130186
Bellingham,48.7548,-122.469,129880
Charleston,38.3484,-81.6322,129754
Lynchburg,37.4003,-79.1909,128849
Santa Clara,37.3646,-121.968,127922
Greenville,35.5943,-77.376,127574
Simi Valley,34.2663,-118.749,127568
Fort Smith,35.3495,-94.3695,126452
Norman,35.2335,-97.3471,125745
Arecibo,18.4491,-66.7387,125727
Abilene,32.4543,-99.7384,125474
Kenosha,42.5865,-87.8773,124297
Lehigh Acres,26.612,-81.6388,123751
Seaside,36.6224,-121.8199,123421
Burlington,44.4876,-73.2316,123307
Arvada,39.832,-105.151,122903
Pearland,29.5581,-95.3218,122609
Waldorf,38.6085,-76.9194,122310
Independence,39.0871,-94.3501,122230
Rochester,44.0154,-92.478,121870
Logan,41.7399,-111.8422,121666
Harlingen,26.1916,-97.6977,121441
Pueblo,38.2701,-104.6114,120380
Temple,31.1068,-97.3891,120240
Berkeley,37.8722,-122.276,119607
East Los Angeles,34.0326,-118.1691,118964
Duluth,46.7756,-92.1393,118574
Clovis,36.8278,-119.683,118488
Boulder,40.0248,-105.2524,118090
Round Rock,30.527,-97.6642,117735
Port Arthur,29.8554,-93.9264,117348
Redding,40.5698,-122.365,117163
Monroe,32.5185,-92.0774,116927
Cambridge,42.3759,-71.1185,116892
Utica,43.0962,-75.2261,116766
St. Cloud,45.534,-94.1718,116649
Mandeville,30.3751,-90.0904,116649
Clearwater,27.979,-82.7623,116616
West Jordan,40.6024,-112.0008,116045
Richardson,32.9716,-96.7093,115904
West Palm Beach,26.7469,-80.132,115877
The Woodlands,30.1738,-95.5134,115716
Richmond,37.9477,-122.3389,115677
Westminster,39.8837,-105.0624,115535
Saginaw,43.4199,-83.9501,115442
Brandon,27.9367,-82.3,115330
Kailua,21.392,-157.7396,115264
Meridian,43.6116,-116.3977,115227
Ponce,18.0127,-66.6212,114901
Carlsbad,33.1246,-117.2834,114858
Lowell,42.6389,-71.3217,114804
North Charleston,32.9067,-80.0722,114542
Downey,33.9379,-118.1311,114293
Gresham,45.5021,-122.4413,114164
Elgin,42.0383,-88.324,114156
Broken Arrow,36.038,-95.7806,112751
Waterloo,42.4918,-92.3522,112333
Costa Mesa,33.6667,-117.9135,112148
Leominster,42.5209,-71.7717,111856
Longview,32.5193,-94.7622,111855
League City,29.4874,-95.1087,111847
Jacksonville,34.7289,-77.3941,111830
Bend,44.0563,-121.3095,111774
Miami Gardens,25.9433,-80.2426,111706
Pompano Beach,26.2428,-80.1312,111423
Sioux City,42.4959,-96.3901,111361
Murrieta,33.5719,-117.1909,111096
Gilroy,37.0046,-121.5854,110720
San Buenaventura,34.2741,-119.2314,110572
Everett,47.9525,-122.1669,110438
Sugar Land,29.5935,-95.6358,110272
El Monte,34.0739,-118.0291,110144
Lewisville,33.0454,-96.9815,110077
Chico,39.7578,-121.8161,110001
Eau Claire,44.8197,-91.4948,109491
West Covina,34.0555,-117.9113,109396
Temecula,33.4928,-117.1315,109376
Idaho Falls,43.4871,-112.0362,108544
Bloomington,39.1637,-86.5257,108387
Inglewood,33.9566,-118.3444,108206
Dearborn,42.3127,-83.213,107985
Centennial,39.5926,-104.8673,107972
Burbank,34.1879,-118.3235,107364
Sparks,39.5736,-119.7161,106900
Sandy Springs,33.9366,-84.3703,106605
El Cajon,32.8017,-116.9604,106043
Hillsboro,45.5273,-122.936,105909
South Fulton,33.6273,-84.58,105551
Auburn,32.6087,-85.4903,105386
Renton,47.4784,-122.1918,105313
Holland,42.7677,-86.0984,105134
San Mateo,37.5522,-122.3121,105087
Columbia,39.2004,-76.859,105086
Daly City,37.6862,-122.4685,104914
Davie,26.0789,-80.287,104782
Jurupa Valley,34.001,-117.4706,104684
Brockton,42.0821,-71.0242,104216
Rialto,34.1175,-117.3892,103799
Charlottesville,38.0375,-78.4855,103760
Norwalk,33.9069,-118.0829,103330
Highlands Ranch,39.5419,-104.9708,103238
Allen,33.1088,-96.6735,102778
Wichita Falls,33.9072,-98.5291,102563
Rio Rancho,35.2873,-106.6982,102403
Vacaville,38.3587,-121.9673,102256
Spokane Valley,47.6626,-117.2346,102178
Longmont,40.1686,-105.1005,101642
Kingsport,36.5224,-82.5454,101323
Menifee,33.6909,-117.1849,101089
Lee's Summit,38.9171,-94.3816,100772
Quincy,42.2506,-71.0187,100544
Lynn,42.4781,-70.9664,100233
San Angelo,31.4424,-100.4504,100057
Federal Way,47.3091,-122.3358,99792
Bowling Green,36.9716,-86.4378,99669
Bismarck,46.8143,-100.7694,99433
Hesperia,34.3975,-117.3147,99287
Riverview,27.8227,-82.3023,98928
Lafayette,39.9946,-105.0998,98889
Edinburg,26.3196,-98.1597,98759
Vista,33.1896,-117.2386,98651
Carmel,39.965,-86.146,98137
St. Augustine,29.8976,-81.31,97703
Beaverton,45.4779,-122.8168,97466
Portsmouth,36.8468,-76.354,97454
Fishers,39.9588,-85.9659,97154
Orem,40.2981,-111.6994,96734
Sandy,40.5709,-111.8506,96272
Sunrise,26.1547,-80.2997,96220
Portsmouth,43.058,-70.7826,96146
San Tan Valley,33.1786,-111.5629,96127
Compton,33.893,-118.2274,96083
Lawrence,38.9597,-95.2642,96061
Arden-Arcade,38.6017,-121.3845,95909
Slidell,30.2887,-89.7828,95528
Boca Raton,26.3752,-80.108,95347
Livonia,42.3972,-83.3733,95294
Carson,33.8374,-118.2559,95104
Williamsburg,37.2693,-76.7076,94892
La Crosse,43.8241,-91.2268,94627
San Marcos,33.135,-117.1743,94313
Prescott Valley,34.598,-112.3185,93923
Middletown,39.5033,-84.3659,93870
Goodyear,33.2614,-112.3622,93651
San Germán,18.0827,-67.046,93549
Edmond,35.6689,-97.416,93522
Fall River,41.7136,-71.1015,93339
South Gate,33.9447,-118.1926,93308
Suffolk,36.6953,-76.6398,93268
Santa Fe,35.6619,-105.9819,93165
Mayagüez,18.2003,-67.1397,93079
Santa Monica,34.0235,-118.481,92828
Tracy,37.7269,-121.4523,92792
Roswell,34.0391,-84.3513,92688
Plantation,26.1259,-80.2617,92212
Alafaya,28.528,-81.1868,92080
Kirkland,47.697,-122.2057,91656
Hoover,33.3763,-86.8068,91371
Westminster,33.7523,-117.9938,91267
Lawton,34.6175,-98.4202,91247
San Leandro,37.7074,-122.1599,91176
Norwalk,41.1144,-73.4215,90821
O'Fallon,38.785,-90.7175,90802
Manteca,37.7927,-121.2264,90678
Florence,34.178,-79.7898,90419
Joplin,37.0757,-94.5018,90384
Chino,33.9836,-117.6654,90279
Germantown,39.1755,-77.2643,90235
Waukegan,42.3698,-87.8716,89751
Buckeye,33.4314,-112.6429,89711
Town 'n' Country,28.0106,-82.5763,89679
Clifton,40.863,-74.1575,89460
Bloomington,44.8306,-93.3151,89436
Mount Pleasant,32.8537,-79.8203,88900
Missoula,46.8751,-114.0214,88780
Newton,42.3316,-71.2085,88647
Livermore,37.6868,-121.7607,88403
Palm Coast,29.5389,-81.2457,88313
Avondale,33.3873,-112.3235,88065
Muncie,40.1989,-85.395,88061
Conroe,30.3238,-95.4824,87930
Hawthorne,33.9147,-118.3476,87863
Rapid City,44.0716,-103.2204,87826
Lawrence,42.7002,-71.1626,87798
New Braunfels,29.6994,-98.1148,87549
Citrus Heights,38.6948,-121.288,87521
Whittier,33.9678,-118.0188,87184
Troy,42.5817,-83.1457,86912
Winchester,39.1735,-78.1746,86813
Decatur,39.8557,-88.9342,86231
Deerfield Beach,26.305,-80.1277,86062
Vineland,39.4653,-74.9981,86042
Springdale,36.1901,-94.1574,85887
Newport Beach,33.6151,-117.8668,85806
San Ramon,37.7624,-121.9365,85688
Lake Forest,33.6605,-117.6714,85516
Mission,26.2039,-98.3256,85311
Auburn,47.3039,-122.2108,85306
Brooklyn Park,45.1112,-93.3505,85247
Bryan,30.665,-96.3807,85204
Westland,42.3192,-83.3805,84961
Cicero,41.8445,-87.7593,84905
Napa,38.2975,-122.301,84703
Fort Myers,26.6194,-81.8302,84694
Pine Hills,28.5818,-81.4692,84289
Atascocita,29.9777,-95.1953,84222
Buena Park,33.8572,-118.0046,83974
Redwood City,37.5025,-122.2253,83905
Anderson,40.0891,-85.6892,83875
Farmington Hills,42.486,-83.3771,83749
Melbourne,28.1086,-80.6627,83500
Miami Beach,25.8171,-80.1396,83469
Albany,31.5776,-84.1762,83447
Alhambra,34.084,-118.1355,83174
State College,40.7909,-77.8567,83170
Jackson,42.2431,-84.4038,82775
Warwick,41.7062,-71.4334,82666
Cranston,41.7658,-71.4858,82654
Baytown,29.7587,-94.9671,82543
Largo,27.9088,-82.7712,82505
Silver Spring,39.0028,-77.0207,82472
Lakewood,33.8471,-118.1222,82419
Mountain View,37.4001,-122.0796,82409
Johns Creek,34.0333,-84.2027,82068
Salisbury,38.3756,-75.5865,81921
Morgantown,39.6383,-79.9464,81912
Springfield,39.93,-83.7959,81620
Franklin,35.92,-86.8516,81531
Florence,34.8303,-87.6655,81268
Madera,36.963,-120.0778,80937
Parma,41.3843,-81.7286,80880
Layton,41.077,-111.962,80858
New Rochelle,40.9304,-73.7836,80685
Somerville,42.3908,-71.1014,80608
Terre Haute,39.466,-87.3751,80567
Flagstaff,35.1872,-111.6194,80167
Plymouth,45.0225,-93.4617,80034
Newark,40.0706,-82.425,79959
Tustin,33.7311,-117.8107,79895
Anniston,33.6712,-85.8135,79717
Milpitas,37.4336,-121.8921,79593
Texarkana,33.45,-94.0847,79570
Pleasanton,37.6663,-121.8805,79558
Boynton Beach,26.5281,-80.0811,79479
Port Huron,42.9821,-82.4388,79363
Turlock,37.5053,-120.8588,79301
Folsom,38.6668,-121.1422,79201
Bellflower,33.888,-118.1271,79070
Pharr,26.1685,-98.1904,78997
Homestead,25.4665,-80.4472,78885
Alton,38.9037,-90.152,78729
Upland,34.1178,-117.6604,78624
Evanston,42.0464,-87.6943,78454
Rancho Cordova,38.5737,-121.2527,78358
Battle Creek,42.2985,-85.2296,78338
Alameda,37.7668,-122.267,78320
Chino Hills,33.9508,-117.7254,78229
Cheyenne,41.135,-104.7902,78204
Lebanon,40.3412,-76.4228,78147
Perris,33.7898,-117.2233,78106
Schaumburg,42.0308,-88.0838,78053
Kendall,25.6697,-80.3556,78007
Davis,38.5553,-121.737,77874
Elizabethtown,37.7031,-85.8773,77770
Jonesboro,35.8212,-90.6791,77520
Hammond,41.6168,-87.4909,77491
Carmichael,38.6318,-121.3263,77358
Arlington Heights,42.0955,-87.9826,77283
Alexandria,31.2923,-92.4702,77109
Camarillo,34.223,-119.0321,76748
Wyoming,42.8908,-85.7066,76625
Hattiesburg,31.3074,-89.317,76501
The Villages,28.9034,-81.9887,76415
Pasco,46.2506,-119.1305,76398
Southfield,42.4765,-83.2605,76196
Wenatchee,47.436,-120.3295,76152
Hammond,30.5061,-90.4563,76032
Rochester Hills,42.6645,-83.1563,75990
Loveland,40.4166,-105.0623,75938
Valdosta,30.8502,-83.2788,75919
Pittsburg,38.0182,-121.8965,75701
Owensboro,37.7575,-87.1172,75644
South Jordan,40.557,-111.9784,75617
Bethlehem,40.6266,-75.3679,75599
Apple Valley,34.5352,-117.2109,75311
Pawtucket,41.8744,-71.3743,75200
Flower Mound,33.0343,-97.1146,75050
St. Joseph,39.7598,-94.821,75033
Cedar Park,30.5105,-97.8197,74741
Dover,43.1887,-70.8845,74554
Caguas,18.2319,-66.0388,74502
Ellicott City,39.2774,-76.8345,74432
Saratoga Springs,43.0674,-73.7775,74339
Pocatello,42.8724,-112.4647,74284
Oshkosh,44.0227,-88.5619,74251
North Port,27.0576,-82.1977,74131
New Britain,41.6759,-72.7862,74022
Woodbury,44.9057,-92.923,74014
Lauderhill,26.1605,-80.2241,73935
Lehi,40.4136,-111.8725,73911
Bolingbrook,41.6901,-88.1021,73807
Dale City,38.6473,-77.3459,73716
Missouri City,29.563,-95.5365,73682
Sheboygan,43.7403,-87.7316,73531
Mansfield,40.7656,-82.5275,73448
Glens Falls,43.3109,-73.6458,73424
Lodi,38.1218,-121.2932,73239
Harrisonburg,38.4362,-78.8735,73160
Doral,25.8152,-80.3565,73126
Centreville,38.839,-77.4389,73064
Dothan,31.2336,-85.407,73037
Cleveland,35.1817,-84.8707,72870
Mount Vernon,40.9136,-73.8291,72855
Jackson,35.6538,-88.8354,72836
Baldwin Park,34.0829,-117.9722,72813
Broomfield,39.9542,-105.0526,72697
Redlands,34.0512,-117.1712,72649
Camden,39.9361,-75.1073,72381
Altoona,40.5082,-78.4007,72348
Redmond,47.6763,-122.1169,72166
Framingham,42.3085,-71.4368,72089
Porterville,36.0643,-119.0338,71669
Mansfield,32.569,-97.1213,71375
Waukesha,43.0087,-88.2464,71307
Blacksburg,37.23,-80.4279,71277
Wausau,44.962,-89.6459,71236
Sumter,33.9392,-80.393,71234
Janesville,42.6854,-89.0135,71202
Brunswick,31.1449,-81.4746,71160
Tamarac,26.2056,-80.2539,71140
Daytona Beach,29.1995,-81.0982,71041
Castle Rock,39.3763,-104.8535,71037
Redondo Beach,33.8577,-118.3765,70998
Wilmington,39.7415,-75.5416,70926
Union City,37.6032,-122.0181,70828
Fairbanks,64.8353,-147.6533,70817
Bayonne,40.6668,-74.1158,70553
Guaynabo,18.3832,-66.1134,70542
Spring Hill,35.7437,-86.9116,70531
Grand Forks,47.9214,-97.0884,70475
Rocklin,38.8075,-121.2489,70317
Passaic,40.8574,-74.1282,70308
Casas Adobes,32.3423,-111.0113,70224
St. Charles,38.7954,-90.5157,70218
El Paso de Robles,35.6394,-120.656,70128
Maple Grove,45.1089,-93.4626,69900
Sherman,33.6273,-96.6221,69880
Walnut Creek,37.9024,-122.0399,69876
Dublin,37.7161,-121.8963,69818
North Richland Hills,32.8604,-97.218,69817
Gary,41.5905,-87.3473,69739
Glen Burnie,39.156,-76.6071,69739
Conway,35.0753,-92.4692,69651
Michigan City,41.7092,-86.869,69459
Lakeville,44.6774,-93.252,69026
Blaine,45.1696,-93.2077,68999
Poinciana,28.1217,-81.4821,68922
East Orange,40.7651,-74.2117,68918
Noblesville,40.0355,-86.0042,68885
Gaithersburg,39.1346,-77.2131,68827
Lake Elsinore,33.6847,-117.3344,68822
Palo Alto,37.3905,-122.1468,68624
Dalton,34.769,-84.972,68614
Dubuque,42.5002,-90.707,68601
Eastvale,33.9617,-117.5803,68539
Tulare,36.1995,-119.34,68395
Maricopa,33.0408,-112.0011,68376
Rogers,36.317,-94.1531,68340
Yorba Linda,33.889,-117.7714,68319
Eagan,44.817,-93.1638,68205
Weston,26.1006,-80.4054,68148
Hanford,36.3274,-119.6549,68122
Bristol,36.5572,-82.2154,68083
Watsonville,36.9206,-121.7708,68020
Union City,40.7675,-74.0323,67903
Palatine,42.118,-88.043,67754
West Des Moines,41.5521,-93.7806,67640
Lynwood,33.924,-118.2016,67497
San Marcos,29.8734,-97.9356,67491
Skokie,42.036,-87.74,67444
Great Falls,47.5022,-111.2996,67300
Longview,46.1461,-122.963,67203
Corvallis,44.5698,-123.2779,67187
Rockville,39.0834,-77.1553,67095
Haverhill,42.7838,-71.0871,67093
Shawnee,39.0158,-94.8076,67021
Mount Vernon,48.4203,-122.3115,66896
Casper,42.842,-106.3208,66876
Schenectady,42.8025,-73.9275,66809
Ames,42.0256,-93.6217,66729
South Hill,47.1198,-122.2853,66713
Sammamish,47.6017,-122.0416,66532
Georgetown,30.666,-97.6966,66514
Delray Beach,26.455,-80.0905,66434
Dundalk,39.2704,-76.4942,66426
Kenner,30.0109,-90.2549,66411
Ankeny,41.7288,-93.6031,66346
South San Francisco,37.6538,-122.4196,66331
Castro Valley,37.7088,-122.0626,66324
Bethesda,38.9866,-77.1188,66294
Morristown,36.2043,-83.3001,66220
Juana Díaz,18.0532,-66.5044,66208
Kankakee,41.102,-87.8643,66065
Brentwood,40.7839,-73.2522,66035
Fajardo,18.3331,-65.6589,66022
Bay City,43.5902,-83.8887,65704
Victoria,28.8287,-96.9849,65656
Malden,42.4305,-71.0576,65602
Parkersburg,39.2623,-81.542,65524
Novi,42.4786,-83.4893,65369
Bozeman,45.6833,-111.0558,65279
Alpharetta,34.0704,-84.2738,65187
Wesley Chapel,28.2106,-82.3238,65134
Waltham,42.3889,-71.2423,64655
Laguna Niguel,33.5275,-117.705,64608
San Clemente,33.4499,-117.6102,64600
North Little Rock,34.7807,-92.2371,64444
Florence-Graham,33.9682,-118.2447,64109
Eden Prairie,44.8488,-93.4595,64048
Pflugerville,30.4515,-97.6018,64007
Burnsville,44.7648,-93.2793,63926
Brentwood,37.9356,-121.719,63618
Millcreek,40.6892,-111.8292,63430
La Habra,33.9282,-117.9515,63287
Coon Rapids,45.1755,-93.3094,63269
Bossier City,32.5224,-93.6668,63168
Hamilton,39.3939,-84.5653,63127
Taylor,42.226,-83.2688,63071
Lakewood,47.1628,-122.5299,62972
Greenwood,39.6019,-86.1073,62914
Bellevue,41.1485,-95.939,62888
Montebello,34.0155,-118.1108,62828
Moore,35.3293,-97.4757,62633
Council Bluffs,41.2369,-95.8516,62617
Rowlett,32.9155,-96.5489,62606
Spring,30.0613,-95.383,62569
Port Charlotte,26.9918,-82.114,62531
Reston,38.9497,-77.3461,62453
Pico Rivera,33.9901,-118.0888,62383
Dearborn Heights,42.3164,-83.2769,62334
Port Orange,29.1085,-81.0137,62197
Encinitas,33.0492,-117.261,62140
Springfield,44.0538,-122.9811,62138
Commerce City,39.8641,-104.843,61516
Pontiac,42.6493,-83.2878,61498
The Hammocks,25.67,-80.4482,61461
Wellington,26.6461,-80.2699,61445
San Rafael,37.9905,-122.5221,61158
Monterey Park,34.0497,-118.1326,61153
La Mesa,32.7703,-117.0204,61040
Woodland,38.6712,-121.75,60977
Marietta,33.9533,-84.5422,60962
Chapel Hill,35.9271,-79.0391,60920
Gardena,33.8943,-118.3072,60917
Meriden,41.5369,-72.7946,60790
Bristol,41.6812,-72.9407,60733
Revere,42.4189,-71.004,60720
Medford,42.4234,-71.1087,60708
Palm Harbor,28.0847,-82.7481,60682
Cupertino,37.3168,-122.0466,60681
Jupiter,26.92,-80.1128,60629
Hendersonville,36.3063,-86.5997,60628
North Miami,25.9008,-80.1686,60449
Des Plaines,42.0345,-87.9008,60413
Taylorsville,40.6569,-111.9493,60295
West Allis,43.0068,-88.0296,60220
Sanford,28.7891,-81.2757,60215
Huntersville,35.406,-80.8716,60166
Euless,32.8508,-97.08,60134
Petaluma,38.2423,-122.6266,60050
Richland,46.2824,-119.2939,59718
Santee,32.8554,-116.9851,59679
White Plains,41.022,-73.7547,59452
Hoboken,40.7452,-74.0281,59369
Kokomo,40.464,-86.1277,59263
Taunton,41.9036,-71.0943,59076
St. Clair Shores,42.4925,-82.8961,59046
Towson,39.3944,-76.619,59014
Caldwell,43.6453,-116.6594,58872
South Whittier,33.9336,-118.0312,58800
Orland Park,41.6075,-87.8619,58622
Stonecrest,33.6842,-84.1372,58602
Palm Beach Gardens,26.8466,-80.1679,58482
Royal Oak,42.5084,-83.1539,58368
Margate,26.2466,-80.2119,58331
Blue Springs,39.0124,-94.2721,58265
Shoreline,47.7564,-122.3426,58213
Midwest City,35.463,-97.371,58146
Bowie,38.9549,-76.7406,58113
Apex,35.7237,-78.8743,58066
Oak Lawn,41.7139,-87.7528,58032
Carson City,39.1511,-119.7476,57957
Fountainebleau,25.7723,-80.346,57957
Queen Creek,33.2454,-111.6173,57728
Leander,30.5728,-97.8618,57696
Bartlett,35.2337,-89.8195,57639
St. Cloud,28.2363,-81.2779,57610
Coconut Creek,26.2803,-80.1842,57553
Kettering,39.6956,-84.1494,57503
Parker,39.5084,-104.7753,57311
Decatur,34.5731,-86.9905,57303
St. Peters,38.7825,-90.6061,57289
Fountain Valley,33.7105,-117.9514,57139
Berwyn,41.8433,-87.7909,56960
Bel Air South,39.5022,-76.3113,56928
National City,32.6654,-117.0983,56846
Lenexa,38.9609,-94.8018,56755
Highland,34.1113,-117.165,56733
Arcadia,34.1342,-118.0373,56697
Mount Prospect,42.0641,-87.9375,56510
Lake Havasu City,34.5006,-114.3113,56510
Tinley Park,41.567,-87.8049,55988
Albany,44.6272,-123.0965,55776
DeSoto,32.5992,-96.8633,55761
New Brunswick,40.487,-74.445,55671
Chicopee,42.1764,-72.5719,55636
Madison,34.7114,-86.7626,55551
West Haven,41.2739,-72.9672,55518
Smyrna,33.8633,-84.5168,55460
Huntington Park,33.98,-118.2167,55439
Wylie,33.0362,-96.5161,55426
Diamond Bar,33.9992,-117.8161,55339
Apple Valley,44.7457,-93.2004,55237
Perth Amboy,40.5202,-74.2724,55046
Bradenton,27.4901,-82.5757,54918
Brookhaven,33.8743,-84.3314,54902
Hacienda Heights,33.997,-117.9727,54841
Manhattan,39.1886,-96.6048,54794
Tigard,45.4237,-122.7845,54750
Tamiami,25.7556,-80.4016,54525
Rocky Mount,35.9685,-77.804,54375
Yucaipa,34.0336,-117.0429,54312
Westchester,25.7471,-80.3523,54238
Peabody,42.5335,-70.9725,54200
Plainfield,40.6154,-74.4157,54183
Southaven,34.9514,-89.9786,54141
Apopka,28.7015,-81.5316,54110
Oak Park,41.8872,-87.7899,54100
Horizon West,28.4417,-81.6146,54038
Severn,39.1355,-76.6956,53955
Paramount,33.8977,-118.1651,53904
Colton,34.0538,-117.3255,53894
Kentwood,42.8852,-85.5926,53884
Aspen Hill,39.0927,-77.0826,53850
Minnetonka,44.9322,-93.4598,53809
Sarasota,27.3387,-82.5432,53786
Wheaton,41.8561,-88.1085,53762
West Sacramento,38.5557,-121.5505,53589
Casa Grande,32.9069,-111.7624,53488
Normal,40.5217,-88.9884,53446
Kendale Lakes,25.7081,-80.4078,53392
San Jacinto,33.797,-116.9916,53299
Novato,38.092,-122.5575,53214
Pinellas Park,27.8589,-82.7078,53130
Edina,44.8914,-93.3602,53059
Herriman,40.4899,-112.017,52860
Elyria,41.376,-82.106,52853
Grand Island,40.9218,-98.3586,52755
Aloha,45.492,-122.8725,52704
Lacey,47.0462,-122.7933,52572
Bentonville,36.3547,-94.2305,52565
Levittown,40.7241,-73.5125,52540
Methuen Town,42.734,-71.1889,52536
West New York,40.7857,-74.0094,52485
Glendora,34.1449,-117.8467,52458
Smyrna,35.9687,-86.5264,52401
Florissant,38.7996,-90.3269,52382
Delano,35.7662,-119.2635,52206
Kannapolis,35.4764,-80.6408,52173
Hoffman Estates,42.064,-88.1468,52153
Texas City,29.4154,-94.9682,52097
Beaumont,33.9076,-116.9766,52081
Placentia,33.8807,-117.8553,51951
Aliso Viejo,33.5792,-117.7289,51943
Wheaton,39.0492,-77.0573,51836
Cathedral City,33.8362,-116.4642,51836
Rosemead,34.0689,-118.0823,51698
Burien,47.4762,-122.3394,51646
Florin,38.4832,-121.4043,51568
Twin Falls,42.5645,-114.4613,51223
Enid,36.4063,-97.87,51129
Country Club,25.9407,-80.3102,51105
Dunwoody,33.9418,-84.3122,51103
Levittown,40.1533,-74.8531,51100
Palm Desert,33.7378,-116.3695,51081
Covina,34.0903,-117.8818,51061
Cuyahoga Falls,41.1641,-81.5207,50906
Lakewood,41.4822,-81.8008,50841
Marana,32.4355,-111.1558,50834
Mishawaka,41.6742,-86.1666,50823
Columbus,39.2093,-85.9183,50718
Troy,42.7354,-73.6751,50717
North Bethesda,39.0393,-77.1191,50695
Milford city ,41.2255,-73.0625,50694
Collierville,35.047,-89.6987,50669
Grapevine,32.9343,-97.0742,50548
Summerville,33.0016,-80.1799,50318
Cypress,33.8171,-118.0386,50279
Downers Grove,41.7949,-88.0172,50209
Murray,40.6498,-111.8874,50183
Catalina Foothills,32.3046,-110.8838,50096
East Honolulu,21.2975,-157.7211,50076
Draper,40.4957,-111.8605,49978
Chesterfield,38.6589,-90.5803,49675
Cerritos,33.8678,-118.0686,49630
Bedford,32.8464,-97.135,49576
St. Louis Park,44.9488,-93.3649,49539
Azusa,34.1386,-117.9124,49457
Euclid,41.5903,-81.5188,49382
McLean,38.9436,-77.1943,49310
Coral Gables,25.7037,-80.2715,49269
Lincoln,38.8774,-121.2937,49203
Jeffersonville,38.3376,-85.7026,49178
Ceres,37.5952,-120.962,49132
Biloxi,30.4426,-88.9514,49061
Lawrence,39.8674,-85.9904,49048
Poway,32.9871,-117.0201,49005
Cedar Hill,32.581,-96.9591,48968
Portage,42.2,-85.5906,48767
Rowland Heights,33.9716,-117.8912,48765
Niagara Falls,43.0921,-79.0147,48763
Dublin,40.1112,-83.1454,48613
El Dorado Hills,38.675,-121.049,48612
Mooresville,35.5847,-80.8266,48431
North Highlands,38.6713,-121.3721,48424
Antelope,38.7153,-121.361,48421
Everett,42.4064,-71.0545,48368
University,28.0771,-82.4335,48367
Roswell,33.373,-104.5294,48347
Leesburg,39.1057,-77.5544,48223
Rancho Santa Margarita,33.6318,-117.5988,48190
Tuckahoe,37.5878,-77.5858,48187
Titusville,28.5727,-80.8193,48158
Glenview,42.0825,-87.8214,48150
Wauwatosa,43.0616,-88.0347,48072
Stillwater,36.1317,-97.0742,48055
Minot,48.2375,-101.278,48005
La Mirada,33.9025,-118.0093,47957
Wilson,35.7311,-77.9284,47914
Newark,37.5201,-122.0307,47815
Roseville,42.5074,-82.9369,47692
East Lansing,42.748,-84.4836,47427
Mentor,41.6893,-81.3362,47369
Bothell,47.7735,-122.2044,47355
San Luis Obispo,35.2669,-120.669,47257
Burleson,32.517,-97.3344,47230
East Providence,41.8065,-71.3565,47171
Middletown,41.5476,-72.6549,47164
Brea,33.9254,-117.8655,46912
Salina,38.8136,-97.6143,46896
Potomac,39.0141,-77.1943,46891
Farmington,36.7555,-108.1823,46696
Sicklerville,39.7452,-74.9934,46626
Ocoee,28.5796,-81.5332,46562
